{"cameraMode":{"drawMode":0,"name":"Shaded","section":"Shading Mode"},"sceneLighting":true,"audioPlay":false,"sceneViewState":{"m_AlwaysRefresh":false,"showFog":true,"showSkybox":true,"showFlares":true,"showImageEffects":true,"showParticleSystems":true,"showVisualEffectGraphs":true,"m_FxEnabled":true},"in2DMode":false,"pivot":{"x":-0.34694939851760867,"y":2.1421899795532228,"z":-1.4239275455474854},"rotation":{"x":0.4110656678676605,"y":-0.056822389364242557,"z":0.025682998821139337,"w":0.9094758033752441},"size":10.714040756225586,"orthographic":false}